IDbike,IDmodel
617914,457332
796874,457332
774446,457332
191461,457332
781871,457332
806204,457332
593542,457332
728450,457332
821935,457332
719248,457332
259228,457332
627496,457332
403944,457332
238610,457332
666742,457332
423866,457332
372154,457332
342463,457332
479146,457332
319194,457332
863995,457332
775921,457332
667611,457332
422814,378890
347940,378890
346833,378890
826492,378890
512923,378890
959112,378890
857647,378890
389141,378890
151157,621751
209938,621751
590114,621751
346948,621751
848260,621751
337429,621751
425022,621751
404366,621751
132391,621751
326759,621751
210450,621751
526411,621751
885265,621751
330013,621751
922227,621751
161339,621751
556747,621751
902695,621751
144357,621751
957578,621751
146431,621751
277823,152974
825450,152974
652955,152974
595017,152974
217890,152974
113282,152974
437263,152974
194838,152974
957749,782030
569113,782030
181136,782030
382495,782030
373956,782030
289141,782030
616496,782030
323169,782030
127641,782030
651590,782030
176411,782030
286625,782030
124653,782030
540683,782030
675228,782030
250446,782030
403281,782030
581504,782030
857729,782030
273739,749822
956229,749822
710294,749822
443466,749822
269191,749822
588709,749822
674325,749822
628187,749822
906455,749822
454961,749822
157731,381172
849075,381172
137618,381172
823276,381172
450168,381172
111096,381172
561531,381172
622582,907956
186998,907956
373164,907956
544143,907956
571228,907956
636815,907956
255691,907956
145812,907956
465003,907956
196870,907956
139656,907956
335685,907956
593637,907956
112308,907956
462105,907956
476498,907956
609408,537967
746026,537967
765467,537967
843113,537967
332144,537967
439344,537967
293344,537967
668277,537967
319754,537967
803985,537967
246124,537967
179370,537967
250469,537967
842262,537967
679269,537967
565591,537967
989873,537967
476794,537967
414539,537967
486498,537967
931368,349172
187219,349172
947324,349172
397424,349172
146612,349172
836130,349172
469241,349172
911636,349172
509035,349172
527792,349172
155590,349172
806827,349172
369665,349172
474911,349172
536042,349172
429958,349172
558918,349172
111270,349172
270126,349172
869486,349172
652627,349172
904049,692221
678723,692221
108930,692221
126922,692221
586788,692221
619709,692221
798490,692221
168320,692221
479466,692221
532129,692221
196821,692221
994896,692221
754696,692221
180020,692221
787193,692221
530318,938826
205117,938826
925772,938826
361545,938826
614691,938826
363228,938826
327033,938826
792058,938826
612317,938826
615234,938826
122606,938826
400384,938826
531197,938826
589504,938826
586647,938826
868993,938826
186744,938826
143039,281112
164246,281112
615900,281112
736213,281112
520236,281112
451953,281112
100702,281112
586328,281112
317279,281112
979169,281112
649220,281112
212609,281112
501331,281112
989329,281112
487380,281112
790958,281112
669898,281112
913991,238217
595552,238217
222804,238217
181431,238217
813844,238217
728299,238217
691426,238217
432228,238217
992053,238217
316574,238217
539381,238217
944017,238217
288883,238217
237225,238217
745777,238217
899725,264923
732936,264923
260855,264923
583994,264923
638142,264923
673820,264923
482987,264923
875142,264923
631455,264923
480994,264923
376343,264923
840134,264923
260566,264923
300096,264923
442187,264923
577922,264923
586503,264923
349022,264923
678399,264923
988476,264923
987687,264923
560453,264923
319529,506870
324284,506870
421677,506870
480765,506870
407579,506870
171107,506870
521073,506870
292089,506870
817334,506870
342444,506870
121506,506870
423872,553124
113714,553124
769372,553124
877294,553124
367900,553124
354766,553124
159979,553124
112485,553124
370964,553124
808176,553124
718712,553124
988667,553124
170173,553124
781673,553124
819272,553124
247133,553124
314667,553124
613697,553124
779348,553124
828116,136010
772932,136010
428224,136010
673483,136010
441781,136010
334530,136010
432622,136010
861045,136010
847098,136010
815597,136010
320687,136010
972166,136010
247900,136010
404747,136010
553988,136010
601565,707687
539874,707687
811518,707687
579640,707687
205322,707687
757953,707687
655672,707687
194185,707687
285556,707687
909805,424903
614679,424903
352698,424903
437524,424903
940466,424903
189721,424903
663351,424903
304173,424903
393661,424903
326598,424903
117141,424903
135707,424903
690599,424903
561479,424903
566411,424903
395940,424903
368970,245148
592053,245148
216125,245148
115733,245148
249061,245148
658059,245148
802137,245148
955799,245148
431683,245148
872951,245148
567463,245148
634565,245148
552737,245148
816831,245148
923603,245148
712520,245148
208807,245148
232857,245148
376443,245148
308446,245148
908021,613405
909546,613405
822364,613405
711533,613405
284147,613405
672691,613405
921057,284825
143776,284825
937580,284825
254353,284825
307833,284825
185582,284825
517219,284825
421642,284825
107178,284825
275565,284825
863237,284825
681208,831523
526931,831523
889165,831523
514181,831523
575151,831523
717240,831523
930280,831523
327440,831523
517369,831523
312276,831523
688712,831523
794775,831523
737338,831523
883723,831523
849834,344987
763501,344987
326867,344987
770877,344987
297679,344987
881601,344987
439776,344987
773563,344987
284026,344987
266941,522049
685982,522049
727815,522049
802938,522049
653981,522049
620986,522049
521633,522049
438648,522049
311415,522049
397267,522049
490265,522049
647037,522049
960035,522049
200740,522049
148823,522049
309163,522049
683472,522049
519873,522049
435677,522049
564144,522049
317121,522049
124948,522049
587155,522049
598433,432207
720658,168997
445207,168997
850156,168997
944638,168997
288471,168997
433215,168997
782781,168997
260174,168997
221677,168997
359969,168997
977694,168997
264514,168997
555708,168997
986420,168997
826423,168997
523769,168997
328519,168997
153661,168997
240094,168997
117554,168997
833251,168997
498342,168997
148293,168997
744659,532522
391444,532522
950212,532522
808748,532522
780112,532522
387943,532522
968383,532522
919201,532522
535403,532522
566807,532522
762524,532522
458818,532522
966333,532522
402689,532522
145213,532522
750703,532522
180718,948243
586774,948243
389741,948243
685209,948243
471946,948243
707758,948243
623403,948243
398792,948243
445006,948243
730911,948243
460799,948243
676588,948243
478767,948243
664265,948243
329350,948243
611513,545082
828697,545082
656142,545082
693183,545082
649714,545082
889317,545082
497178,545082
107515,545082
872370,709794
558450,709794
956510,709794
168852,709794
379642,709794
513869,709794
683008,709794
804283,709794
272496,709794
546126,709794
289813,709794
684328,709794
467325,709794
130157,709794
843873,709794
633548,371529
200312,371529
724300,371529
869236,371529
828332,371529
556783,371529
482274,371529
369306,371529
488217,928095
122181,928095
310943,473339
808143,473339
252539,473339
133138,473339
438375,473339
803199,473339
139258,473339
971214,473339
243699,473339
775039,473339
540248,473339
710498,473339
859911,473339
399797,473339
548120,473339
961926,473339
633355,473339
175573,473339
188204,473339
575075,473339
131055,603946
450961,603946
494777,603946
968536,603946
437734,110803
990002,110803
406921,110803
714833,110803
790263,110803
684169,110803
885202,110803
280976,110803
539227,110803
760711,110803
198797,110803
585939,110803
277336,110803
420384,110803
454118,110803
177661,110803
354168,110803
793010,110803
581502,110803
912380,110803
367746,608817
275295,608817
771036,608817
247986,608817
936326,608817
381316,608817
951027,608817
695501,608817
650138,608817
546094,608817
854432,608817
480213,608817
800946,608817
976566,608817
459657,608817
483258,608817
761210,608817
852408,473823
930841,473823
371330,473823
617636,330799
110140,330799
927585,756483
901010,756483
942954,756483
798727,756483
274397,756483
473742,756483
863530,756483
566992,756483
928092,756483
899945,756483
720015,756483
219668,756483
688914,756483
319733,756483
461123,756483
183541,485001
842959,485001
183948,988869
510457,988869
634358,385754
172239,385754
333881,385754
396284,385754
374983,431289
278662,431289
183391,431289
910538,431289
662051,431289
546827,431289
719024,431289
952018,431289
857669,431289
523452,431289
612691,981563
161017,981563
783858,981563
819939,981563
552817,981563
825787,981563
919553,981563
250165,981563
566986,981563
271178,981563
234846,981563
760158,981563
108023,981563
421727,981563
477451,981563
364479,981563
989868,981563
838475,981563
288244,512564
104787,512564
819689,512564
640751,512564
870334,512564
651341,512564
365779,512564
826633,642303
900970,642303
206309,642303
770964,642303
637321,642303
722578,953132
769100,953132
783708,953132
199665,953132
612994,953132
263541,953132
853790,953132
224212,953132
500359,953132
996340,953132
635514,953132
230844,953132
964457,953132
739335,953132
424506,624360
800801,624360
281102,624360
854955,624360
746724,624360
850288,624360
975615,624360
567080,624360
380353,624360
652126,624360
477824,624360
499891,624360
554276,624360
753789,624360
975947,624360
167799,624360
821270,624360
501275,624360
809134,624360
661975,624360
585122,624360
415315,624360
804016,624360
346935,759870
529495,759870
923020,759870
185324,759870
124028,759870
193547,759870
847009,759870
493699,759870
631518,759870
397760,759870
568843,759870
999051,759870
550611,759870
410533,759870
266359,759870
895690,759870
887061,759870
403006,759870
627546,759870
390335,759870
371912,801228
852125,801228
483115,801228
213847,801228
169550,801228
908218,801228
243670,801228
898127,801228
264829,801228
250551,801228
134312,265855
312775,265855
165820,265855
425697,265855
696336,265855
200856,265855
461659,265855
523579,265855
764939,265855
872307,265855
421816,362955
408892,362955
229345,362955
620381,362955
350811,362955
967756,362955
927080,362955
751510,362955
704944,362955
599766,362955
103180,362955
736568,362955
167740,362955
525258,362955
425217,362955
616708,362955
284366,362955
263440,362955
182646,362955
848373,850234
603831,850234
150191,414753
984703,414753
453388,414753
629185,414753
466022,570015
879118,570015
345392,570015
614370,570015
765054,570015
646364,570015
922451,570015
365358,570015
223132,570015
379727,570015
309124,570015
334577,570015
905243,570015
687840,287165
669972,287165
917339,287165
870693,287165
131651,287165
982571,287165
657639,954790
564621,954790
926656,954790
904805,954790
625106,954790
528240,954790
402090,954790
642508,954790
334990,954790
870483,954790
752046,954790
693751,954790
446245,954790
149608,954790
729006,457732
106999,457732
741797,457732
503812,457732
405712,457732
393944,457732
265925,457732
453586,457732
829304,457732
416667,457732
786307,457732
598752,457732
954725,509262
179859,509262
445483,509262
886489,720055
441974,720055
268952,720055
534534,720055
396739,720055
809341,720055
148345,280191
745325,280191
162521,280191
229109,280191
153824,280191
550360,280191
447164,280191
452221,898036
357049,898036
342932,898036
679825,898036
340619,898036
666381,229113
310680,229113
138680,229113
494973,229113
710143,229113
403298,805650
414997,805650
320961,805650
545613,805650
524623,805650
679444,805650
142043,805650
652335,773629
832294,773629
803836,773629
185872,773629
815085,773629
430502,773629
547358,773629
377513,773629
660698,773629
646250,773629
438995,773629
762335,773629
901780,773629
372995,773629
318418,365046
809938,550623
674832,550623
777298,550623
638252,550623
571528,550623
486528,550623
436451,550623
968840,550623
403148,944537
706136,944537
225430,944537
804711,944537
571284,944537
721459,944537
198861,944537
683179,944537
744934,541354
465292,541354
818324,541354
106310,541354
907490,290318
686315,290318
356939,290318
278263,290318
343886,290318
138428,290318
247573,290318
430478,290318
607450,290318
508555,290318
816950,290318
865313,290318
410324,290318
776924,290318
451796,290318
806683,290318
768653,290318
924592,290318
730262,290318
866669,290318
893310,790766
277087,790766
975119,790766
637016,790766
184169,790766
811365,790766
614205,790766
274375,790766
822264,790766
444370,790766
914689,790766
721645,790766
343654,790766
753780,790766
224387,790766
900841,790766
418417,790766
443072,790766
405972,790766
714532,790766
644458,777142
427469,777142
201871,777142
626147,777142
289562,777142
843900,777142
408977,777142
995763,777142
842261,777142
892517,777142
924131,777142
425495,777142
676826,777142
563524,777142
581905,777142
315432,777142
159697,777142
934488,777142
269127,428336
456161,428336
591622,235287
972407,235287
686258,235287
414060,235287
173708,235287
282855,558322
352426,558322
493670,558322
938133,558322
406889,558322
329470,558322
953134,558322
880740,558322
620120,558322
804670,523504
720708,523504
112618,523504
685801,523504
671551,523504
519031,523504
861342,523504
454461,523504
193939,523504
840841,523504
691245,523504
537534,523504
885125,523504
460227,510421
316748,510421
830602,510421
402663,510421
555956,510421
131015,510421
595308,510421
477632,510421
927690,510421
798846,510421
234963,510421
982782,510421
889951,510421
748355,510421
204036,510421
534630,510421
336392,510421
760855,349632
369660,349632
327570,349632
897480,349632
501818,349632
615985,349632
245199,349632
422220,349632
624857,349632
668316,349632
126010,349632
767405,349632
147454,404399
528315,404399
155206,404399
564014,404399
673205,404399
522514,404399
108114,404399
257213,404399
238264,933164
979857,933164
524023,933164
369522,933164
829608,933164
621602,933164
881985,933164
615242,933164
232545,933164
326254,933164
199212,933164
991502,933164
238773,933164
325412,933164
680912,933164
198657,933164
688068,933164
265637,933164
999671,933164
731394,933164
140462,933164
412654,933164
752612,933164
747111,904271
231550,904271
403211,904271
755580,904271
322737,904271
526116,461605
265645,461605
576072,461605
535855,461605
494668,461605
543529,461605
208674,461605
985999,461605
727055,653130
393918,653130
956152,653130
156142,653130
599142,653130
556172,653130
228723,653130
832287,653130
976543,653130
727419,653130
842283,653130
164910,653130
410624,653130
129185,653130
188853,653130
628309,653130
352418,653130
723212,653130
166766,653130
862781,653130
273262,653130
548761,186206
547607,186206
660809,186206
210726,186206
182102,186206
160690,186206
968742,186206
158980,186206
383084,403547
295323,403547
527467,403547
719293,403547
287817,403547
865548,403547
760989,403547
877022,403547
457310,403547
197404,403547
627372,403547
170804,403547
932092,403547
190977,403547
802035,403547
359223,689947
376408,689947
593564,689947
991166,689947
353987,689947
976713,689947
696328,423799
475271,423799
110986,423799
676777,423799
623171,849856
822937,849856
758752,849856
462649,849856
685451,849856
385447,849856
608648,849856
999148,849856
467427,849856
516304,849856
670934,849856
952823,849856
929020,849856
326095,849856
963749,849856
404569,849856
659053,849856
879191,849856
134816,173145
544495,173145
967892,173145
796946,173145
271951,173145
932104,173145
558081,173145
877036,173145
721652,173145
961040,173145
756593,173145
923029,173145
604288,173145
612928,173145
356773,173145
949061,173145
210107,173145
722639,173145
713141,173145
406200,173145
617073,222246
196052,222246
739823,222246
385855,222246
135653,222246
283847,222246
618269,222246
576194,222246
446358,222246
673572,222246
938590,222246
394995,222246
201139,221039
548222,221039
228443,221039
130202,221039
112803,221039
560700,221039
434608,221039
571544,221039
501148,114880
449069,114880
975300,114880
358257,114880
887058,114880
317051,114880
437496,114880
309002,114880
968240,114880
556467,701101
139778,701101
876834,701101
228323,701101
419518,701101
433162,701101
544444,701101
994929,701101
353095,701101
653073,701101
694816,701101
589133,701101
581497,701101
267978,701101
957788,701101
764315,701101
553105,701101
432113,701101
516802,701101
411530,701101
183139,701101
263839,701101
574277,487074
324495,487074
524890,487074
980789,487074
430210,487074
536335,487074
561132,487074
901863,487074
587426,487074
684347,487074
618949,487074
115547,487074
923551,487074
873015,487074
121896,487074
649026,487074
432579,487074
115183,487074
535453,155025
188126,155025
912770,155025
795039,155025
135965,155025
755579,155025
403502,155025
666710,155025
514336,155025
118732,155025
755578,155025
995155,155025
953370,785705
850771,785705
135055,785705
512435,785705
966576,785705
995241,785705
601820,785705
227556,785705
687890,785705
147537,785705
745899,785705
311505,124515
221778,124515
784840,124515
783471,124515
954348,124515
788144,723402
819408,723402
981634,723402
963694,723402
445606,723402
132976,723402
482843,723402
626341,723402
749872,723402
733159,723402
126194,723402
423920,723402
649400,723402
124709,723402
769394,723402
295723,723402
507696,723402
200631,723402
398820,723402
100894,723402
614546,723402
980113,723402
251977,723402
764354,723402
957807,723402
548648,723402
790760,723402
810355,723402
669104,723402
321498,723402
960525,723402
960210,723402
551071,723402
976027,723402
179449,723402
206469,723402
302081,723402
597655,723402
648955,723402
349855,723402
367778,723402
748973,723402
254060,723402
119730,723402
560154,723402
910427,723402
361566,723402
615334,723402
234869,723402
565333,723402
112411,723402
913042,723402
456136,723402
125210,723402
322786,723402
181719,723402
170656,723402
261801,723402
173548,723402
953795,723402
280848,723402
423768,723402
366397,723402
204228,723402
264331,723402
593183,723402
894215,723402
408230,723402
358888,723402
535261,723402
940808,723402
955950,723402
874911,723402
359421,723402
740192,723402
900844,723402
697069,723402
362120,723402
684564,723402
852482,723402
829056,723402
922153,723402
204273,723402
296098,723402
706340,723402
185666,723402
767190,723402
388509,723402
708153,723402
557291,723402
486202,723402
586142,723402
813493,723402
539310,723402
510280,723402
255242,723402
731274,723402
391739,723402
102064,723402
455581,723402
684373,723402
506547,723402
111288,723402
374390,723402
545486,723402
961502,723402
508609,723402
156836,723402
273656,723402
541743,723402
529706,723402
633422,723402
473949,723402
863900,723402
555728,723402
718064,723402
912539,723402
504515,723402
542077,723402
581978,723402
111923,723402
559987,723402
799304,723402
145288,723402
685550,617425
567427,617425
734044,617425
908911,617425
418907,617425
590930,617425
496078,617425
484997,617425
132142,617425
440936,617425
474455,617425
176831,617425
247206,617425
625835,617425
676092,617425
551644,944647
687232,944647
332884,944647
174357,944647
906059,944647
510250,944647
283289,944647
182499,944647
964819,944647
520034,944647
303936,944647
894254,944647
627756,944647
601472,581088
863092,581088
143518,581088
631109,329888
490027,329888
632445,329888
915927,329888
381379,942765
287696,942765
740748,942765
278672,942765
483781,942765
632018,942765
287375,942765
637408,942765
468533,942765
171048,942765
845322,942765
222121,942765
729572,942765
999363,942765
531228,942765
174263,942765
783979,942765
929234,942765
463277,942765
146826,942765
433684,942765
555005,124334
437941,124334
175719,124334
549368,124334
482524,124334
469140,124334
324151,124334
758853,124334
233551,124334
866255,124334
904122,124334
731432,124334
480938,124334
859153,124334
952539,124334
414399,124334
344342,124334
823578,124334
567204,124334
605047,124334
702886,658368
422444,658368
295407,658368
934680,658368
140911,658368
498135,658368
539344,658368
314301,658368
947225,658368
533905,658368
118808,658368
726794,658368
622313,658368
317897,658368
440262,658368
864777,658368
936076,658368
683238,415350
143024,415350
893966,415350
305837,415350
718970,415350
944115,415350
967387,415350
287460,415350
392656,415350
749962,415350
337772,415350
973001,434042
398613,434042
179000,434042
188428,434042
588941,434042
435413,434042
368444,434042
605771,434042
756970,434042
745621,434042
652105,434042
799520,434042
848581,434042
692712,434042
610935,434042
782590,434042
314958,434042
369953,434042
385850,434042
671278,434042
648799,434042
130393,434042
665940,541612
848613,541612
460112,529162
135543,529162
657773,529162
390309,529162
431768,529162
462100,529162
167917,529162
544996,529162
233232,529162
950998,529162
342914,529162
110786,529162
719976,529162
631389,529162
998120,529162
871512,729273
601893,729273
384459,729273
254265,729273
160121,729273
186996,729273
868044,729273
685389,729273
523432,729273
884688,729273
302010,729273
898782,729273
275446,729273
939329,729273
683027,729273
701557,450819
659108,450819
223349,280341
382301,280341
369134,280341
406032,280341
334856,280341
570603,280341
967221,280341
244815,280341
998061,280341
870231,553663
143270,553663
488217,553663
239991,553663
951092,553663
777257,553663
689512,553663
263316,553663
565778,346056
802669,346056
829990,346056
566128,346056
645027,346056
891759,346056
393562,346056
774495,346056
345001,346056
276328,346056
235031,346056
867449,346056
621188,346056
538277,346056
699417,346056
117969,346056
823446,346056
447424,346056
918515,346056
400894,346056
946051,346056
630585,914368
761493,914368
535077,914368
687456,914368
362488,914368
649526,914368
926390,914368
577775,914368
923984,914368
452702,914368
739558,914368
467779,914368
686004,914368
856798,914368
452737,914368
679206,914368
169247,914368
150932,914368
513580,914368
727344,914368
595494,914368
344262,914368
386164,914368
937685,147592
776029,147592
655143,315280
917651,315280
918293,315280
321811,315280
858688,315280
885327,315280
163769,315280
683114,315280
996552,315280
609636,315280
671552,315280
334166,315280
791952,315280
804125,315280
176520,315280
376928,315280
847781,315280
418310,315280
816853,742426
908801,742426
181282,742426
794162,742426
883449,742426
632557,742426
890710,742426
203766,742426
415263,742426
334978,742426
347592,742426
777120,742426
742683,742426
813570,742426
465373,742426
981563,742426
246501,742426
782492,742426
151500,742426
118848,742426
101609,461911
524021,461911
996814,169271
856332,169271
970340,169271
371970,169271
736173,169271
207372,169271
345757,169271
808252,169271
306828,169271
973493,169271
143687,169271
944174,169271
488233,991953
611492,924411
586000,924411
597325,924411
594921,924411
459877,924411
837859,924411
482830,924411
443403,924411
779803,924411
454526,914179
344734,914179
709774,914179
549099,914179
657864,914179
902786,914179
244951,914179
601947,914179
394127,914179
251721,914179
735788,914179
206841,914179
723266,914179
287865,914179
759097,914179
731323,914179
837488,914179
527925,914179
237191,914179
153547,914179
927372,914179
206562,914179
605312,914179
652455,914179
127253,914179
733178,914179
829643,914179
622023,914179
682367,914179
800821,914179
930007,914179
111427,914179
570887,914179
909054,914179
629965,914179
330330,914179
643789,914179
473276,914179
284253,914179
741032,914179
907128,914179
992225,914179
267216,914179
801243,914179
270864,914179
108394,914179
328975,914179
125157,914179
456852,914179
967261,914179
928800,914179
583615,914179
141281,853194
374223,853194
258641,853194
388767,853194
774050,853194
101861,853194
612260,853194
240388,853194
719020,853194
607497,853194
958188,853194
947872,202137
555183,202137
459168,202137
382954,202137
519490,202137
263719,202137
342890,202137
985855,202137
824409,202137
235956,202137
627004,202137
573687,202137
240792,573919
554834,573919
321948,324408
221775,324408
118573,324408
268264,324408
388176,324408
987676,324408
975946,324408
104090,324408
884427,588766
830197,588766
256410,588766
943251,588766
343331,588766
703919,588766
753672,588766
222216,588766
324625,588766
187084,588766
685366,588766
712096,588766
112791,588766
207198,588766
175449,660350
227744,660350
693481,660350
115816,660350
216239,660350
752629,660350
593785,660350
365790,660350
887484,660350
214003,721335
560504,721335
776563,721335
945722,683024
951205,683024
714067,683024
712467,683024
957084,683024
562074,683024
739613,683024
501111,683024
489554,683024
810713,683024
763391,683024
666098,683024
123135,683024
356995,683024
788750,683024
151923,683024
721406,683024
369136,475450
366284,475450
583230,475450
551574,475450
446878,475450
691955,475450
652672,475450
509607,475450
874239,475450
518854,475450
509435,475450
139399,475450
188018,475450
446302,475450
202509,475450
741104,475450
132192,475450
795216,777737
279744,889559
562618,889559
917894,889559
607375,889559
219897,889559
877654,889559
998565,889559
754112,889559
825433,889559
605191,889559
319727,889559
957914,889559
947525,889559
686438,344624
712672,344624
619872,344624
145674,344624
432056,344624
878950,322691
165125,322691
602564,322691
139176,322691
480651,322691
304774,322691
668085,322691
650430,322691
884621,322691
950491,322691
679316,322691
320779,322691
944450,322691
263421,899311
392420,899311
803416,899311
301016,899311
875451,899311
741492,899311
151249,899311
822582,899311
146061,899311
621443,899311
527262,197423
534407,197423
102274,197423
408071,197423
380569,197423
556599,197423
579155,197423
473171,197423
892055,197423
674315,197423
744888,197423
753034,197423
921165,197423
217445,197423
927882,197423
730050,543319
527285,543319
922299,543319
908001,543319
824666,543319
601296,543319
473319,543319
287981,543319
492981,543319
726020,543319
297723,543319
486826,543319
543085,695710
525025,695710
177244,695710
293318,695710
439703,695710
309474,695710
431246,695710
128379,695710
828212,695710
985812,695710
691972,614002
867519,614002
996015,614002
153794,614002
854231,614002
446408,614002
221638,614002
369215,614002
660012,375680
615480,375680
634184,375680
423326,375680
195346,375680
985279,375680
456888,375680
939246,375680
117752,811679
493703,811679
229970,811679
847250,811679
131353,811679
170135,811679
430037,811679
805495,811679
104772,811679
469232,811679
241142,811679
375129,811679
804469,811679
974487,811679
444331,811679
511344,811679
754795,811679
244188,741118
928694,741118
758406,741118
341140,741118
422357,741118
898747,741118
688729,741118
919218,741118
954205,741118
826556,741118
272052,741118
136151,741118
211593,741118
704629,741118
971990,637137
417915,637137
407471,637137
931496,637137
147815,637137
173167,637137
631365,637137
525284,637137
209899,637137
980162,637137
148251,637137
831783,637137
450440,637137
346935,637137
482978,637137
213849,637137
189324,637137
381086,637137
345548,637137
122209,637137
697850,637137
258255,637137
786718,865837
507165,865837
315024,865837
811877,865837
893382,865837
372768,865837
951249,865837
739992,865837
845661,865837
915699,865837
482803,865837
131698,865837
866667,865837
918233,865837
129616,865837
796837,735747
387904,735747
513877,735747
265379,735747
253454,735747
460174,735747
808879,735747
985758,735747
696334,735747
570214,735747
248323,735747
423481,735747
251806,735747
597447,735747
903259,247415
412589,247415
552108,247415
113935,247415
985648,247415
839294,247415
982680,247415
870683,247415
241830,247415
415978,247415
502306,247415
345743,247415
695607,247415
527167,247415
303114,247415
590189,247415
269071,247415
541885,247415
729379,247415
562676,247415
465578,247415
198285,247415
287837,247415
585668,354916
395477,354916
908278,354916
587779,354916
869515,354916
799772,354916
376043,354916
378263,354916
465146,354916
899053,354916
848714,705642
607071,705642
336305,705642
190741,705642
611252,121150
562374,121150
694962,121150
285822,121150
237425,121150
113150,121150
657630,121150
439039,413373
565760,413373
366958,413373
501334,413373
664244,413373
163203,413373
941306,413373
300882,413373
906032,413373
779500,413373
690748,413373
860753,106397
516640,106397
794230,106397
900514,106397
195518,106397
249341,106397
656512,106397
112302,106397
841932,106397
658024,106397
680102,106397
818550,106397
678646,106397
826975,106397
321646,106397
130803,106397
138192,106397
219543,106397
491673,106397
720149,106397
539612,106397
666184,106397
739663,432343
263369,432343
857675,432343
655841,432343
652669,432343
698543,432343
838439,432343
906545,432343
398440,432343
619778,432343
283076,432343
934533,925860
741336,925860
296564,925860
166044,925860
805477,925860
188992,925860
582803,644190
955206,644190
318451,644190
196000,644190
469595,778312
707992,135706
214539,135706
500853,135706
651944,135706
934057,135706
108159,135706
650689,135706
545847,135706
586752,135706
337166,135706
520560,135706
511326,650594
620877,650594
443406,650594
520386,650594
370503,650594
846694,650594
183869,650594
523351,650594
701344,650594
759056,650594
491050,650594
569478,650594
583350,650594
654353,650594
407715,650594
359386,650594
332100,650594
515239,650594
239976,650594
273939,530378
601793,530378
926411,530378
310015,530378
291374,530378
791886,530378
961891,530378
571228,530378
871567,530378
561661,530378
868312,530378
491769,530378
917701,530378
966567,530378
771977,530378
741518,530378
551895,530378
123935,530378
923757,530378
159373,667410
885234,667410
999891,667410
477423,667410
250216,667410
540261,667410
479928,667410
670110,667410
510262,667410
594949,667410
136437,667410
703743,667410
243975,667410
906431,667410
534691,667410
671167,667410
121606,667410
536524,667410
569401,667410
857580,355114
569922,194620
321675,194620
760868,194620
778600,194620
416202,194620
354604,194620
750727,194620
813312,194620
519381,194620
301373,194620
413829,194620
348343,194620
368659,194620
880794,194620
395713,194620
453333,194620
893140,194620
364233,194620
577196,194620
875887,731471
930096,731471
495471,731471
762543,731471
817123,731471
535633,731471
442798,731471
384778,731471
277091,731471
980865,564748
601295,564748
823028,564748
298383,564748
344479,564748
871356,564748
255968,564748
119671,564748
101858,564748
498377,564748
786400,564748
202616,564748
252606,564748
602943,564748
356733,564748
199021,874021
601448,874021
993426,874021
377954,874021
969912,874021
172588,874021
952187,718437
160591,718437
503632,718437
712610,718437
446996,718437
766827,718437
457979,718437
673525,718437
731380,718437
854973,718437
675929,718437
484235,718437
112135,718437
839360,718437
264136,718437
243037,909324
931308,909324
953384,909324
695124,668417
644214,668417
921973,106375
885809,106375
376414,106375
542476,106375
741126,106375
268258,427843
340224,427843
640137,427843
479550,427843
468772,427843
662786,427843
983866,427843
821612,427843
159898,427843
122025,427843
351272,427843
818270,427843
378490,427843
454046,427843
764204,427843
353707,427843
502260,427843
170839,427843
277007,427843
770497,427843
193937,427843
875450,427843
206480,427843
328705,518922
824703,518922
663511,518922
609359,518922
331542,518922
911377,518922
484743,518922
756007,518922
373418,518922
360022,518922
275655,518922
486751,518922
582593,518922
151131,518922
534265,518922
705297,518922
153350,518922
686196,518922
424612,518922
608286,518922
878291,518922
929071,518922
665226,711142
374652,711142
454696,711142
771945,711142
763761,711142
965263,711142
850958,711142
151288,711142
543370,711142
972964,711142
976299,711142
621846,711142
882421,711142
115251,711142
524395,711142
154583,711142
655630,711142
512179,711142
880349,711142
828112,711142
965831,711142
601017,296703
263400,296703
620039,296703
251444,296703
306640,296703
372249,296703
442734,296703
759863,296703
893182,296703
642492,296703
406118,296703
849710,528632
996020,528632
243760,528632
435468,528632
846018,528632
161337,528632
367573,528632
118519,528632
150049,528632
331946,649766
326496,649766
898135,649766
984981,649766
357053,649766
352532,649766
701948,649766
801414,649766
791344,649766
765273,649766
598150,649766
649282,649766
912068,649766
990312,649766
592186,649766
187612,649766
816670,649766
859500,649766
852053,649766
245754,649766
850320,649766
383773,649766
582996,649766
492151,499485
546437,499485
598064,499485
197535,499485
348192,461201
268960,461201
419606,461201
627376,461201
261254,461201
269294,461201
150113,461201
886950,461201
405724,461201
283035,461201
342705,461201
167235,461201
464549,461201
773888,461201
203572,461201
855407,461201
512103,461201
307225,461201
362320,461201
352894,461201
539915,207797
858627,207797
194668,207797
971089,207797
727376,207797
717679,207797
436486,207797
980410,207797
480704,207797
253676,207797
902574,207797
249298,207797
183899,207797
195102,207797
867682,207797
877271,207797
877761,207797
700298,207797
434677,207797
154810,672644
130529,672644
988950,672644
855602,672644
696973,672644
874501,672644
228740,672644
855508,672644
377285,672644
497624,672644
910825,672644
266626,672644
595517,672644
581345,672644
175181,672644
386064,672644
542521,672644
669306,672644
761470,672644
824284,672644
692160,672644
163414,672644
595669,672644
467727,636007
560923,636007
817999,636007
746184,636007
215286,636007
839123,636007
386599,636007
423491,636007
135608,636007
613412,636007
853203,636007
168072,636007
744366,636007
491910,636007
398105,636007
298200,203244
247794,203244
427471,203244
399740,203244
276189,203244
990279,203244
801697,203244
384734,203244
325636,203244
616003,203244
985574,203244
767147,203244
761981,203244
205439,203244
277757,203244
529595,203244
630883,203244
646543,902449
925517,902449
145440,902449
490017,902449
744875,902449
956565,902449
801131,902449
691190,902449
571755,902449
191960,902449
451713,902449
369327,902449
470780,902449
176473,902449
920316,902449
884629,902449
358117,902449
396472,902449
341816,902449
691687,902449
991494,902449
451522,902449
944941,357372
760342,357372
649333,357372
765721,357372
240985,357372
580864,357372
888507,357372
248916,465347
823066,465347
783531,465347
879772,465347
876895,465347
263398,465347
232172,465347
167106,465347
941159,465347
782516,602975
714096,602975
800239,602975
292406,602975
126986,602975
303528,602975
236120,602975
422595,602975
878777,602975
584329,602975
173816,602975
278148,602975
179654,602975
236094,602975
229635,602975
349816,602975
177978,602975
420020,602975
342852,602975
153127,602975
900189,666481
557426,666481
196836,666481
185026,666481
746676,666481
494156,666481
353769,666481
270986,666481
292913,666481
682014,666481
717127,666481
546217,666481
414013,666481
806054,666481
240497,666481
869578,666481
184709,666481
365128,666481
668100,666481
644428,666481
266478,666481
506920,666481
566074,649724
520699,649724
246934,649724
559786,649724
956583,649724
458479,649724
783338,649724
815511,649724
261520,896231
135291,896231
225431,896231
426469,896231
784163,896231
287222,896231
960726,896231
655570,896231
879117,896231
371931,896231
424125,896231
521402,896231
438476,896231
139431,896231
793640,896231
686988,896231
631811,896231
291238,896231
935477,896231
347680,896231
360170,896231
898768,896231
211860,955190
654727,955190
966988,955190
740643,955190
514874,955190
923229,955190
370038,955190
976302,955190
646963,955190
421043,955190
155171,955190
245214,759269
635669,759269
896837,759269
205265,759269
734966,759269
654187,759269
738831,759269
147260,759269
109617,759269
618913,515538
832397,515538
517997,515538
954135,515538
454591,515538
672412,515538
869529,515538
301834,515538
578942,515538
986716,515538
523880,515538
968354,515538
477390,515538
500046,515538
632582,587738
542047,587738
247379,587738
596259,585060
975078,585060
218963,585060
466606,585060
991740,585060
477504,585060
108247,585060
342251,585060
753459,585060
926650,585060
156815,585060
253872,585060
207375,585060
335860,585060
602358,585060
800826,585060
487242,585060
610585,803129
324855,803129
774883,803129
729342,803129
736635,803129
693511,803129
779929,803129
491403,803129
813525,803129
835857,803129
306806,803129
499662,803129
672790,502894
373810,502894
583820,502894
386352,502894
361098,502894
848843,751174
385309,751174
405763,751174
858540,751174
987239,751174
446086,751174
256682,751174
536106,751174
385770,751174
456744,751174
291923,751174
674627,751174
701251,751174
264793,751174
571090,751174
339612,751174
154200,751174
278446,854977
170733,854977
894147,854977
407464,854977
874124,854977
351818,854977
623863,854977
601467,854977
621391,854977
471365,854977
411028,854977
606335,854977
893987,854977
336946,854977
918325,854977
759129,854977
758758,854977
834057,854977
773577,277775
863888,277775
186868,277775
956899,277775
445048,277775
709689,277775
226602,277775
642998,277775
847393,277775
141228,727418
409477,727418
189159,727418
656727,383377
193698,383377
547133,383377
628169,383377
216200,383377
253941,383377
447417,383377
655349,383377
188334,383377
900043,383377
280413,383377
280749,383377
149354,383377
730770,383377
705531,383377
672030,630027
729785,630027
642229,630027
514948,630027
960203,630027
684427,630027
744718,630027
351929,630027
253197,630027
667781,630027
653397,580807
354098,580807
929248,580807
775326,580807
281149,580807
362743,580807
991121,580807
779759,580807
703844,580807
741852,580807
314065,580807
473245,580807
485200,580807
824355,580807
385160,232648
693042,232648
157243,232648
737791,232648
598188,232648
374030,394069
999140,394069
844275,394069
730136,394069
374214,394069
410761,394069
280754,394069
916652,394069
414727,394069
145724,394069
713804,394069
582477,394069
921776,394069
963515,394069
125310,394069
993969,394069
931521,394069
612450,394069
453546,964578
362951,964578
773175,964578
528650,964578
763549,964578
874317,964578
529595,964578
462946,964578
362907,964578
574494,964578
368769,964578
664650,964578
118861,964578
602759,964578
365360,964578
814466,964578
305582,964578
418616,964578
356713,964578
354372,297718
111155,297718
511165,297718
754338,297718
646780,297718
886322,297718
702078,297718
710994,297718
260649,297718
898155,297718
422131,795547
184207,795547
655138,795547
103026,795547
593107,795547
923740,795547
302901,795547
737397,795547
760540,795547
571339,795547
928922,795547
412247,795547
658950,795547
315865,795547
891376,850937
129104,850937
128696,850937
381223,850937
704371,850937
676330,850937
352512,850937
691896,850937
346073,850937
776510,850937
935057,850937
326428,850937
836439,850937
504480,850937
199156,850937
978542,850937
372269,850937
777049,850937
121603,850937
724960,850937
885066,850937
801741,850937
572108,350202
343763,350202
460491,350202
731054,350202
132555,350202
268330,350202
990315,350202
351851,350202
855609,350202
888911,350202
953332,394855
634246,394855
968565,394855
466333,394855
855179,394855
741425,394855
327881,394855
463026,394855
754438,394855
696693,394855
918795,394855
351061,394855
238418,394855
264913,102433
608176,102433
155942,102433
392892,102433
462977,102433
762253,102433
506930,102433
668233,102433
111079,102433
219157,102433
264631,102433
862483,102433
764546,102433
629794,102433
812924,102433
188516,102433
598246,102433
240537,102433
228220,102433
730102,102433
932523,102433
947449,102433
537123,179804
948096,179804
407404,179804
690435,179804
918798,179804
113341,179804
677213,179804
184058,179804
152730,179804
941507,179804
319232,179804
684099,179804
669984,179804
927028,179804
330689,179804
453533,667380
709975,667380
347294,667380
903142,667380
589656,667380
947264,667380
203254,667380
808442,667380
998661,667380
709894,703630
694279,703630
375780,703630
985203,703630
812400,703630
347430,703630
563356,350178
488371,350178
913307,652982
391016,652982
448591,652982
611659,652982
741422,652982
409357,652982
737571,652982
775586,652982
270854,652982
123436,652982
904034,652982
617406,652982
726818,652982
793126,652982
810858,652982
426334,895994
230688,895994
146120,895994
764801,895994
846161,895994
530410,563690
618746,563690
385349,563690
557327,563690
760799,563690
267670,563690
969617,563690
733194,563690
244446,563690
735665,563690
543681,563690
306053,615976
238023,615976
972788,615976
695785,615976
713300,615976
213285,615976
937832,615976
111997,811839
356079,811839
487006,811839
988105,811839
277900,811839
829794,811839
248356,811839
324348,811839
887457,811839
509604,811839
430943,811839
399491,811839
331085,165986
301792,165986
975460,165986
839841,165986
630524,165986
445468,165986
642216,165986
576605,165986
153889,165986
539670,165986
614742,165986
503998,165986
117443,165986
945711,165986
912156,165986
209434,165986
427733,537467
778093,301230
217120,301230
547211,301230
505642,301230
574627,301230
430825,301230
218094,301230
977154,301230
543632,301230
380937,301230
231852,301230
168956,301230
872651,301230
120444,301230
988734,301230
655557,120144
983970,120144
905017,120144
428441,120144
103727,120144
964892,120144
736451,120144
659023,120144
722892,120144
280666,120144
444878,120144
134560,120144
831264,120144
519547,120144
359055,120144
892772,120144
872251,120144
476106,120144
493123,120144
447161,120144
856192,120144
265839,971083
835888,971083
529610,971083
240048,971083
891764,971083
413898,971083
602607,971083
608115,971083
375344,971083
273129,971083
669638,971083
788287,971083
828514,971083
988536,971083
591190,971083
707144,971083
879448,971083
328088,971083
789802,971083
508341,971083
377688,971083
316527,971083
937557,971083
843715,332267
426228,332267
373885,332267
101072,332267
721812,332267
299369,332267
416542,332267
776445,332267
404911,332267
756785,332267
620397,332267
772257,332267
386272,332267
159656,332267
700866,332267
212409,332267
284291,332267
599087,332267
234232,332267
766858,332267
647768,332267
876438,906266
735784,906266
128721,906266
775165,906266
887321,906266
885103,906266
831548,906266
547663,906266
734783,906266
934424,906266
278434,906266
848113,906266
673543,906266
517975,906266
605735,906266
891733,906266
236809,906266
621047,906266
910932,906266
810152,906266
214642,247383
815673,247383
568831,247383
787240,247383
324770,247383
540861,247383
331261,247383
458524,247383
374686,862784
865974,862784
196549,862784
517093,862784
217867,862784
669394,862784
773661,862784
907108,862784
351921,862784
341577,862784
923193,862784
295256,862784
727020,862784
511855,862784
113319,964729
899513,964729
925731,964729
540833,964729
114220,964729
263856,964729
253750,964729
625815,964729
888297,964729
807964,964729
579882,964729
761022,964729
935684,424230
567773,424230
702358,424230
792326,424230
678238,424230
122922,424230
875222,424230
908331,424230
470637,424230
699097,424230
837523,424230
136382,424230
359684,424230
621074,424230
135575,424230
985148,424230
637853,424230
401471,424230
951246,424230
208413,424230
128951,424230
663642,840489
361550,840489
880328,840489
455353,840489
301853,840489
609123,840489
850894,840489
936310,840489
460622,840489
165307,840489
386281,840489
323703,840489
438810,840489
525435,840489
511352,840489
794913,840489
894419,840489
716537,840489
257313,840489
498092,840489
226105,188243
305391,188243
793110,188243
551572,188243
459155,188243
734779,188243
401091,188243
745050,188243
839610,845803
674171,845803
390138,845803
915598,845803
361670,845803
733906,845803
823160,845803
243388,845803
476874,845803
879378,845803
871330,845803
897884,845803
661700,845803
356511,845803
373613,845803
888055,479298
746886,479298
674019,479298
186834,479298
758426,479298
372184,479298
349278,479298
354036,479298
800923,479298
371131,479298
759576,479298
421934,479298
464992,479298
623539,479298
522326,479298
383485,479298
196251,479298
554526,479298
164692,479298
815432,984131
473465,984131
549111,984131
570977,365933
367443,365933
545284,365933
327777,365933
960810,527694
799586,527694
450190,857148
838350,857148
858100,857148
192703,857148
949633,857148
145422,467263
643853,467263
570791,467263
270293,467263
143160,467263
748213,467263
136894,467263
602237,467263
605222,467263
227799,467263
298171,467263
835671,467263
827409,795030
140616,795030
360390,795030
768667,795030
317112,795030
804579,795030
731456,795030
162760,795030
372942,795030
713167,795030
188540,795030
632488,570535
246363,570535
121099,570535
371515,570535
249545,570535
532585,570535
134205,570535
954833,570535
490930,570535
478723,570535
851608,325385
614957,325385
291302,325385
271815,325385
987784,325385
177483,325385
868001,325385
845273,325385
555684,280873
812354,280873
848174,280873
262803,280873
343050,280873
983179,280873
922633,280873
947859,280873
213452,280873
717975,280873
695531,908736
512739,908736
626619,908736
476675,189194
715016,189194
376100,189194
246832,189194
982860,189194
384056,512608
861466,512608
319297,512608
391013,512608
838103,166487
667342,166487
180773,166487
400492,919522
811759,919522
963726,919522
414419,919522
434745,919522
668868,919522
490799,919522
765145,919522
984503,919522
723837,919522
574810,919522
539070,919522
575108,919522
530447,919522
288311,919522
618441,919522
263692,919522
661494,151587
970497,151587
110374,726259
574342,726259
990725,726259
357667,726259
443947,726259
340526,726259
420875,726259
276165,726259
960214,690588
891094,690588
613007,690588
325214,690588
961492,690588
493288,690588
487623,357391
967254,357391
276298,357391
605766,357391
767812,357391
278786,357391
152144,357391
529070,357391
667128,357391
777736,357391
859083,357391
157641,357391
298237,400302
744401,400302
765253,245798
169274,245798
418775,245798
581008,245798
997593,245798
594853,245798
290681,245798
730031,245798
698158,245798
386626,245798
331352,245798
270207,245798
659097,245798
668069,245798
849723,245798
757130,245798
418846,245798
514896,245798
762994,245798
973667,245798
994849,245798
829479,245798
878593,245798
966254,245373
969789,245373
699144,245373
469061,245373
816455,245373
774872,245373
486142,245373
932845,245373
209170,245373
648723,245373
525722,245373
596783,245373
249633,713320
472781,713320
963217,713320
463287,713320
153752,713320
615296,713320
971605,713320
626290,713320
955597,713320
515738,713320
169709,713320
500594,713320
539265,713320
667062,713320
806856,713320
863541,713320
582553,713320
401843,713320
375033,713320
145604,713320
128708,832496
857126,832496
803488,832496
225382,832496
722315,832496
643522,832496
780437,832496
443949,832496
652388,832496
160030,832496
230921,832496
466826,832496
561526,832496
417035,832496
469955,832496
161620,832496
195799,832496
645860,832496
678099,779846
374307,779846
764397,779846
934477,779846
260017,779846
862982,779846
358931,779846
925006,779846
495285,779846
400296,779846
808461,779846
105392,779846
432540,779846
678418,779846
157276,263078
216776,894217
455712,894217
121718,894217
105630,894217
178057,894217
851093,894217
170066,894217
245877,894217
210739,894217
251432,894217
186241,894217
932997,894217
140163,894217
977278,894217
606886,894217
366937,894217
965651,894217
767025,894217
690179,894217
237333,894217
570039,894217
798912,848433
474972,848433
615297,848433
395362,848433
114989,848433
196413,848433
184158,848433
766603,848433
414961,848433
463019,848433
868955,848433
850657,848433
824626,848433
416042,848433
654999,848433
350377,848433
823193,848433
396716,848433
674597,848433
408184,861805
354664,861805
749383,861805
936592,861805
632088,861805
780345,861805
430143,861805
281472,861805
521963,861805
175412,861805
626227,861805
943047,861805
389912,861805
418214,861805
434044,861805
162369,861805
276032,622287
709698,622287
724357,622287
214496,622287
210499,622287
285146,622287
567104,622287
828243,622287
294108,622287
145096,622287
129721,622287
209897,622287
178331,622287
597878,622287
786421,263203
879008,263203
931060,263203
406368,263203
526499,263203
175990,263203
586270,263203
636506,263203
763982,263203
726544,263203
398613,263203
185557,263203
842792,263203
723693,263203
767083,263203
136163,263203
184202,263203
611413,263203
874236,263203
538519,538935
333185,538935
225341,538935
715308,538935
385451,538935
849897,538935
183685,538935
216864,578023
557963,578023
469306,578023
687159,578023
964227,578023
637789,578023
968673,578023
431014,578023
981055,578023
109685,578023
215961,578023
793286,578023
364461,578023
151865,650044
239180,650044
129125,650044
972759,650044
712932,650044
126134,650044
275109,650044
107867,650044
623825,650044
273386,210926
328385,210926
184147,210926
763859,210926
124164,210926
212931,210926
985141,210926
203007,210926
300836,210926
523444,210926
425067,210926
563194,210926
388869,210926
643113,445166
873171,445166
982639,445166
694545,445166
826746,445166
664290,445166
148840,403493
625512,403493
539438,403493
431013,403493
204697,403493
682793,403493
455845,403493
258551,403493
119974,403493
262755,403493
940587,403493
112511,403493
570269,403493
210873,403493
603043,403493
872443,403493
611860,403493
297718,403493
221795,403493
431518,403493
469895,806306
227088,158507
197377,158507
784323,158507
809672,718237
611811,718237
133733,718237
742916,718237
932177,718237
747253,718237
211768,718237
425048,718237
574677,718237
984802,718237
128572,718237
204927,718237
665915,718237
722385,718237
825646,718237
841385,718237
655778,718237
931638,299590
847590,299590
422356,299590
468439,299590
188976,299590
264896,299590
505320,299590
491401,299590
503071,299590
647535,299590
327168,299590
735174,299590
565016,299590
504679,299590
487878,299590
456411,299590
311228,299590
249846,299590
264333,150615
354826,150615
820487,150615
462780,150615
706594,150615
264018,150615
146191,150615
922532,150615
531816,169721
486129,169721
842557,169721
802243,169721
176239,169721
575569,169721
946231,169721
791957,169721
750484,169721
719717,169721
829432,169721
740728,169721
726146,169721
805247,169721
754856,169721
663066,169721
466071,289812
692244,289812
229673,289812
959435,289812
119330,289812
349912,289812
634950,289812
881262,289812
574658,289812
476175,289812
427351,289812
114538,289812
158948,289812
810945,289812
980160,289812
186281,289812
469675,744104
280611,211102
900949,211102
428234,211102
846934,211102
401920,211102
280315,211102
145445,211102
512856,211102
784936,211102
983333,211102
219636,211102
499423,211102
731263,211102
898371,153540
962691,153540
400886,153540
379274,153540
953455,153540
420309,153540
384827,153540
846162,153540
532748,153540
832989,153540
328395,153540
259184,153540
355946,153540
501270,153540
249570,153540
948859,872232
119892,872232
351417,872232
737753,872232
672672,872232
873394,872232
600408,872232
162542,872232
153520,872232
883046,872232
285021,872232
659827,872232
757713,872232
693213,872232
554770,872232
203183,872232
261350,872232
975688,872232
588790,872232
909455,520367
413140,520367
495554,520367
835693,520367
101304,520367
320859,520367
983073,520367
339340,520367
118387,520367
477664,520367
309141,520367
551334,520367
749044,520367
757225,520367
799971,870516
716197,870516
686014,870516
725992,870516
693935,870516
822832,870516
769729,870516
173748,870516
976257,870516
251091,870516
284965,870516
983627,870516
771365,870516
119103,870516
727635,870516
499283,870516
553084,870516
366028,870516
366560,870516
919876,870516
402414,870516
385945,871505
496717,871505
602337,871505
566119,871505
453655,871505
115739,871505
415172,871505
962443,412599
645709,412599
378119,412599
482450,412599
493845,412599
216009,412599
202134,412599
280116,412599
923796,798194
781788,918583
922880,918583
729942,918583
823917,918583
892837,918583
635369,918583
709690,918583
580911,918583
241052,918583
774529,918583
506986,918583
887393,918583
570648,918583
381630,918583
883679,918583
722642,918583
672983,918583
153516,918583
309518,377875
460647,377875
464896,377875
713234,377875
790811,377875
266324,377875
612512,377875
479792,377875
891219,377875
766331,377875
392051,377875
634875,377875
876182,377875
364963,830182
527685,830182
758633,830182
991233,830182
443363,830182
127425,830182
575905,830182
146933,830182
204916,830182
716872,830182
690305,830182
919116,830182
942031,563864
496333,563864
155747,563864
430077,563864
376621,563864
981469,563864
894845,563864
130310,563864
188020,563864
509622,563864
808716,563864
874263,686076
758738,686076
818738,686076
134698,686076
978045,686076
299697,686076
562964,781318
670730,781318
493227,781318
705998,781318
281158,781318
821017,781318
734064,781318
394607,781318
214736,781318
873695,781318
390163,781318
115770,781318
918978,781318
520186,781318
536079,113619
253935,113619
180640,113619
293804,113619
831653,113619
808861,113619
753837,989740
528163,989740
710994,989740
495219,989740
810773,989740
989966,989740
262530,989740
812334,989740
604881,989740
899389,989740
446598,989740
345998,989740
143353,989740
185650,926929
559551,926929
450421,926929
769157,926929
429753,926929
170392,926929
586848,926929
915643,926929
458335,926929
115980,926929
372745,926929
139475,926929
607630,926929
954982,926929
742933,926929
975169,825335
571331,825335
268320,825335
641632,825335
786732,825335
708960,825335
955029,825335
329642,825335
809729,825335
839562,709316
165448,709316
162279,709316
627966,709316
622680,709316
978912,709316
486240,709316
464209,709316
904591,709316
544408,709316
513218,709316
544582,709316
911460,709316
714519,709316
251896,709316
764663,709316
596288,709316
115225,709316
402760,709316
108810,709316
116485,709316
275905,551309
702492,551309
139953,551309
220549,551309
880261,551309
474134,551309
275743,551309
139336,118280
393909,118280
628885,118280
830984,118280
313815,118280
344677,118280
477274,118280
407732,118280
468620,118280
876013,118280
448271,118280
118050,118280
884042,118280
465493,118280
209519,118280
437152,118280
907780,820884
856053,820884
211982,820884
654579,820884
414879,820884
838870,820884
981718,820884
416230,820884
504758,820884
979426,820884
640766,820884
785819,820884
972386,820884
556791,820884
295756,820884
237843,777387
834621,660538
155253,660538
378334,660538
580942,660538
169499,660538
988201,660538
454799,660538
417992,660538
570207,660538
589648,660538
955448,660538
824376,660538
659356,660538
583220,660538
657638,660538
139518,660538
236696,660538
747809,660538
176679,660538
556420,660538
391360,660538